{
  "task": "task7_method_ladder",
  "timestamp": "2025-07-27T19:54:46.837032",
  "data": {
    "HF": {
      "energies": {
        "H2": -1.1287110109153242,
        "O2": -149.6276689906853,
        "H2O": -76.02684408743093
      },
      "reaction_energy_ev": 4.587762504572323,
      "error_vs_exp": -0.3322374954276768
    },
    "MP2": {
      "energies": {
        "H2": -1.1550916256898835,
        "O2": -149.976462717664,
        "H2O": -76.23070957487265
      },
      "reaction_energy_ev": 4.755820525509727,
      "error_vs_exp": -0.1641794744902727
    },
    "CCSD": {
      "energies": {
        "H2": -1.1634029671742285,
        "O2": -149.97955436467217,
        "H2O": -76.24003470503432
      },
      "reaction_energy_ev": 4.726865715174295,
      "error_vs_exp": -0.19313428482570494
    },
    "PBE": {
      "energies": {
        "H2": -1.1598861888806624,
        "O2": -150.1932807609421,
        "H2O": -76.33330561083469
      },
      "reaction_energy_ev": 4.178528306780152,
      "error_vs_exp": -0.7414716932198475
    },
    "PBE0": {
      "energies": {
        "H2": -1.1633261426367363,
        "O2": -150.1817828088817,
        "H2O": -76.33877199011599
      },
      "reaction_energy_ev": 4.601687216664562,
      "error_vs_exp": -0.318312783335438
    }
  }
}