{
  "task": "task6_convergence_comparison",
  "timestamp": "2025-07-27T19:54:39.576451",
  "data": {
    "basis_sets": [
      "STO-3G",
      "3-21G",
      "6-31G",
      "cc-pVDZ",
      "cc-pVTZ",
      "cc-pVQZ",
      "cc-pV5Z"
    ],
    "h2o_energies": [
      -74.96270660885386,
      -75.58537790808646,
      -75.98407765332502,
      -76.02684408743093,
      -76.05724852038225,
      -76.06492135219261,
      -76.0671778457448
    ],
    "reaction_energies": [
      1.579113063957374,
      4.280121687143894,
      4.602015584355656,
      4.587762504572323,
      4.721099597463318,
      4.778712610483322,
      4.806782460519019
    ],
    "h2o_convergence": [
      30.05419342462321,
      13.110444196913955,
      2.261271433050499,
      1.0975374762308736,
      0.2701907076024051,
      0.06140231760998907,
      0.0
    ],
    "reaction_convergence": [
      -3.2276693965616445,
      -0.5266607733751245,
      -0.20476687616336253,
      -0.21901995594669543,
      -0.08568286305570094,
      -0.028069850035696398,
      0.0
    ]
  }
}