molecule,coordinates
H2,H 0 0 0; H 0 0 0.74168
O2,O 0 0 0; O 0 0 1.20752
H2O,O 0 0 0; H 0.75717 0.58626 0; H -0.75717 0.58626 0
