basis_set,h2_energy,o2_energy,h2o_energy,reaction_energy_hartree,reaction_energy_ev
sto-3g,-0.958493034420508,-147.09081946660035,-74.47195848306956,-0.06388856930226439,-1.738496520271667
3-21g,-1.0223242632921832,-148.36795682904466,-75.21249949865167,0.012393641674321998,0.33724816754566217
6-31g,-1.0267984718586503,-149.1591797701597,-75.6069498888083,0.0011230637395840404,0.030560120920424802
cc-pvdz,-1.0317956072890722,-149.18045932999766,-75.62179380475928,-0.00046293505724293027,-0.012597104535569472
cc-pvtz,-1.033667907951041,-149.22435696169862,-75.64493464480812,-0.001823487984466965,-0.049619635411692585
cc-pvqz,-1.0340970161139933,-149.23882361287195,-75.65167975102352,-0.003658143052888363,-0.09954314265536367
