molecule,electronic_energy,zpe_correction,enthalpy_correction,entropy_correction,gibbs_free_energy,zpe_kcal_mol,entropy_cal_mol_k
H2,-1.064718095091988,0.009875663140000001,0.00322548688,-14.829353244648972,-15.88097018972096,6.197,31.211
O2,-149.9697975242389,0.00157449656,0.00322548688,-23.282906572924087,-173.24790411372297,0.988,49.003
H2O,-75.92162739554749,0.0214102847,0.0037736921599999997,-21.4313161210194,-97.3277595397069,13.435,45.106
Reaction,-0.25597892332791616,-0.02149474656,0.002129076320000001,-10.078980820183233,-10.35432541375107,-13.488000000000001,21.212999999999994
