method,method_type,h2_energy,o2_energy,h2o_energy,reaction_energy_hartree,reaction_energy_ev
HF,wavefunction,-1.0317956072890722,-149.18045932999766,-75.62179380475928,-0.00046293505724293027,-0.012597104535569472
MP2,wavefunction,-1.064718095091988,-149.9697975242389,-75.92162739554749,-0.25597892332791616,-6.965541290540331
CCSD,wavefunction,-1.0833348441588384,-149.71093732607125,-75.94620054451187,0.014794074634806975,0.40256727540054166
PBE,dft,-1.0815244189662776,-149.94652146478063,-76.0431879326657,-0.023194437381789612,-0.6311527886487065
PBE0,dft,-1.0785938770682673,-149.8723772724387,-76.0084525236298,-0.01265997931565721,-0.3444955839103642
