method,method_type,electronic_energy,zpe_correction,enthalpy_correction,entropy_correction,corrected_energy,experimental,deviation,percent_error
HF,wavefunction,-0.012597104535569472,-0.5849018456163322,0.05793511756697955,-274.26303758460256,-274.8026014171875,4.92,279.7226014171875,5685.418727991616
MP2,wavefunction,-6.965541290540331,-0.5849018456163322,0.05793511756697955,-274.26303758460256,-281.7555456031922,4.92,286.67554560319223,5826.7387317722
CCSD,wavefunction,0.40256727540054166,-0.5849018456163322,0.05793511756697955,-274.26303758460256,-274.38743703725135,4.92,279.30743703725136,5676.98042758641
PBE,dft,-0.6311527886487065,-0.5849018456163322,0.05793511756697955,-274.26303758460256,-275.4211571013006,4.92,280.3411571013006,5697.990997993915
PBE0,dft,-0.3444955839103642,-0.5849018456163322,0.05793511756697955,-274.26303758460256,-275.13449989656226,4.92,280.0544998965623,5692.164632043949
