molecule,energy_hartree,energy_ev
H2,-0.958493034420508,-26.08192393792773
O2,-147.09081946660035,-4002.5450655619766
H2O,-74.47195848306956,-2026.4852084587803
