Basis_Set,H2_Energy_Hartree,O2_Energy_Hartree,H2O_Energy_Hartree,Reaction_Energy_Hartree,Reaction_Energy_eV
STO-3G,-1.1167061372361047,-147.63396960849636,-74.96270660885386,0.05803133473915523,1.579113063957374
3-21G,-1.122932020797323,-148.7676002037464,-75.58537790808646,0.15729157083185896,4.280121687143894
6-31G,-1.1267403411606467,-149.54555367096188,-75.98407765332502,0.16912095336687116,4.602015584355656
cc-pVDZ,-1.1287110109153242,-149.6276689906853,-76.02684408743093,0.16859716234591815,4.587762504572323
cc-pVTZ,-1.132959138815667,-149.67508155300263,-76.05724852038225,0.17349721013053454,4.721099597463318
cc-pVQZ,-1.1334575087220489,-149.68731323763362,-76.06492135219261,0.1756144493075169,4.778712610483322
cc-pV5Z,-1.1336066261669135,-149.69049644188587,-76.0671778457448,0.17664599726990105,4.806782460519019
