Method,Electronic_Energy_eV,Thermodynamic_Energy_eV,Error_eV,Absolute_Error_eV,Performance_Rating,Experimental_Reference_eV,Within_Chemical_Accuracy,Within_Excellent_Accuracy
MP2,4.755820525509727,3.2195942318978656,-1.7004057681021343,1.7004057681021343,Fair,4.92,False,False
CCSD,4.726865715174295,3.1906394215624334,-1.7293605784375665,1.7293605784375665,Fair,4.92,False,False
PBE0,4.601687216664562,3.0654609230527003,-1.8545390769472996,1.8545390769472996,Fair,4.92,False,False
HF,4.587762504572323,3.0515362109604616,-1.8684637890395384,1.8684637890395384,Fair,4.92,False,False
PBE,4.178528306780152,2.642302013168291,-2.277697986831709,2.277697986831709,Fair,4.92,False,False
