Method,Electronic_Energy_eV,Thermodynamic_Energy_eV,Error_eV,Absolute_Error_eV,Performance_Rating,Experimental_Reference_eV
MP2,4.755820525509727,-117.10142449831491,-122.02142449831491,122.02142449831491,Fair,4.92
CCSD,4.726865715174295,-117.13037930865035,-122.05037930865035,122.05037930865035,Fair,4.92
PBE0,4.601687216664562,-117.25555780716009,-122.17555780716009,122.17555780716009,Fair,4.92
HF,4.587762504572323,-117.26948251925232,-122.18948251925232,122.18948251925232,Fair,4.92
PBE,4.178528306780152,-117.6787167170445,-122.5987167170445,122.5987167170445,Fair,4.92
