Molecule,Energy_Hartree,Energy_eV
H2,-1.1167061372361047,-30.387122023596927
O2,-147.63396960849636,-4017.324970045248
H2O,-74.96270660885386,-2039.8391635781998
Reaction,0.05803133473915523,1.579113063957374
