Method,H2_Energy_Hartree,O2_Energy_Hartree,H2O_Energy_Hartree,Reaction_Energy_eV,Error_vs_Exp_eV,Experimental_Reference_eV
HF,-1.1287110109153242,-149.6276689906853,-76.02684408743093,4.587762504572323,-0.3322374954276768,4.92
MP2,-1.1550916256898835,-149.976462717664,-76.23070957487265,4.755820525509727,-0.1641794744902727,4.92
CCSD,-1.1634029671742285,-149.97955436467217,-76.24003470503432,4.726865715174295,-0.19313428482570494,4.92
PBE,-1.1598861888806624,-150.1932807609421,-76.33330561083469,4.178528306780152,-0.7414716932198475,4.92
PBE0,-1.1633261426367363,-150.1817828088817,-76.33877199011599,4.601687216664562,-0.318312783335438,4.92
