Molecule,Basis,Method,Energy_Hartree,Energy_eV
H2,STO-3G,HF,-1.1167061372361047,-30.387122023596927
O2,STO-3G,HF,-147.63396960849636,-4017.324970045248
H2O,STO-3G,HF,-74.96270660885386,-2039.8391635781998
