{
  "basis_set": [
    "sto-3g",
    "3-21g",
    "6-31g",
    "cc-pvdz",
    "cc-pvtz",
    "cc-pvqz"
  ],
  "h2o_energy": [
    -74.47195848306956,
    -75.21249949865167,
    -75.6069498888083,
    -75.62179380475928,
    -75.64493464480812,
    -75.65167975102352
  ],
  "reaction_energy": [
    -0.06388856930226439,
    0.012393641674321998,
    0.0011230637395840404,
    -0.00046293505724293027,
    -0.001823487984466965,
    -0.003658143052888363
  ]
}