{
  "energies": {
    "H2": -0.958493034420508,
    "O2": -147.09081946660035,
    "H2O": -74.47195848306956
  },
  "reaction_energy_hartree": -0.06388856930226439,
  "reaction_energy_ev": -1.738496520271667
}