{
  "task": "task8_thermodynamics",
  "timestamp": "2025-07-27T15:24:50.756679",
  "data": {
    "electronic_results": {
      "energies": {
        "H2": -1.1550916256898835,
        "O2": -149.976462717664,
        "H2O": -76.23070957487265
      },
      "reaction_energy_ev": 4.755820525509727,
      "error_vs_exp": -0.1641794744902727
    },
    "corrected_energies": {
      "H2": {
        "electronic": -1.1550916256898835,
        "zpe": 0.009875546000720164,
        "thermal": 0.0032254486211808317,
        "entropy": -1.7848334589345822,
        "total_g": -2.9268240900025644
      },
      "O2": {
        "electronic": -149.976462717664,
        "zpe": 0.001574477884252303,
        "thermal": 0.0032254486211808317,
        "entropy": -2.7998994420078773,
        "total_g": -152.77156223316643
      },
      "H2O": {
        "electronic": -76.23070957487265,
        "zpe": 0.021410030743855966,
        "thermal": 0.003773647398693779,
        "entropy": -0.955380321797322,
        "total_g": -77.16090621852743
      }
    },
    "reaction_delta_g_ev": -117.10142449831491,
    "error_vs_experimental": -122.02142449831491
  }
}