{
  "task": "task5_basis_convergence",
  "timestamp": "2025-07-27T19:54:39.574025",
  "data": {
    "STO-3G": {
      "energies": {
        "H2": -1.1167061372361047,
        "O2": -147.63396960849636,
        "H2O": -74.96270660885386
      },
      "reaction_energy_hartree": 0.05803133473915523,
      "reaction_energy_ev": 1.579113063957374
    },
    "3-21G": {
      "energies": {
        "H2": -1.122932020797323,
        "O2": -148.7676002037464,
        "H2O": -75.58537790808646
      },
      "reaction_energy_hartree": 0.15729157083185896,
      "reaction_energy_ev": 4.280121687143894
    },
    "6-31G": {
      "energies": {
        "H2": -1.1267403411606467,
        "O2": -149.54555367096188,
        "H2O": -75.98407765332502
      },
      "reaction_energy_hartree": 0.16912095336687116,
      "reaction_energy_ev": 4.602015584355656
    },
    "cc-pVDZ": {
      "energies": {
        "H2": -1.1287110109153242,
        "O2": -149.6276689906853,
        "H2O": -76.02684408743093
      },
      "reaction_energy_hartree": 0.16859716234591815,
      "reaction_energy_ev": 4.587762504572323
    },
    "cc-pVTZ": {
      "energies": {
        "H2": -1.132959138815667,
        "O2": -149.67508155300263,
        "H2O": -76.05724852038225
      },
      "reaction_energy_hartree": 0.17349721013053454,
      "reaction_energy_ev": 4.721099597463318
    },
    "cc-pVQZ": {
      "energies": {
        "H2": -1.1334575087220489,
        "O2": -149.68731323763362,
        "H2O": -76.06492135219261
      },
      "reaction_energy_hartree": 0.1756144493075169,
      "reaction_energy_ev": 4.778712610483322
    },
    "cc-pV5Z": {
      "energies": {
        "H2": -1.1336066261669135,
        "O2": -149.69049644188587,
        "H2O": -76.0671778457448
      },
      "reaction_energy_hartree": 0.17664599726990105,
      "reaction_energy_ev": 4.806782460519019
    }
  }
}