Task,Method,Reaction_Energy_eV,Error_vs_Exp_eV,Type
T7,HF,4.587762504572323,-0.3322374954276768,Electronic
T7,MP2,4.755820525509727,-0.1641794744902727,Electronic
T7,CCSD,4.726865715174295,-0.19313428482570494,Electronic
T7,PBE,4.178528306780152,-0.7414716932198475,Electronic
T7,PBE0,4.601687216664562,-0.318312783335438,Electronic
T8,MP2+Thermo,3.2195942318978656,-1.7004057681021343,Thermodynamic
